event_id,event_name,pathogen,week_relative,official_recall_date,week_start,google_trends_score,reddit_signal_count,news_severity_score,anomaly_score,sentiment_negativity,composite_risk_score,outbreak_label,alert_threshold
mcdonalds_ecoli,McDonalds E coli Onion Outbreak,E coli O157:H7,-8,2024-10-22,2024-08-27,5,3,2,0.10,0.05,0.035,0,0.65
mcdonalds_ecoli,McDonalds E coli Onion Outbreak,E coli O157:H7,-6,2024-10-22,2024-09-10,12,8,5,0.18,0.09,0.087,0,0.65
mcdonalds_ecoli,McDonalds E coli Onion Outbreak,E coli O157:H7,-4,2024-10-22,2024-09-24,25,18,14,0.31,0.16,0.193,0,0.65
mcdonalds_ecoli,McDonalds E coli Onion Outbreak,E coli O157:H7,-2,2024-10-22,2024-10-08,52,44,38,0.62,0.31,0.454,1,0.65
mcdonalds_ecoli,McDonalds E coli Onion Outbreak,E coli O157:H7,-1,2024-10-22,2024-10-15,79,71,65,0.84,0.43,0.724,1,0.65
boars_head_listeria,Boars Head Listeria,Listeria monocytogenes,-8,2024-07-26,2024-05-31,18,4,3,0.15,0.06,0.120,0,0.65
boars_head_listeria,Boars Head Listeria,Listeria monocytogenes,-6,2024-07-26,2024-06-14,46,14,21,0.71,0.38,0.650,1,0.65
boars_head_listeria,Boars Head Listeria,Listeria monocytogenes,-4,2024-07-26,2024-06-28,55,18,28,0.76,0.41,0.720,1,0.65
boars_head_listeria,Boars Head Listeria,Listeria monocytogenes,-2,2024-07-26,2024-07-12,72,24,44,0.88,0.46,0.840,1,0.65
boars_head_listeria,Boars Head Listeria,Listeria monocytogenes,-1,2024-07-26,2024-07-19,91,31,63,0.96,0.52,0.970,1,0.65
cucumber_salmonella,Cucumber Salmonella,Salmonella Typhimurium,-8,2024-11-27,2024-10-02,7,2,3,0.12,0.04,0.080,0,0.65
cucumber_salmonella,Cucumber Salmonella,Salmonella Typhimurium,-6,2024-11-27,2024-10-16,16,6,8,0.22,0.08,0.180,0,0.65
cucumber_salmonella,Cucumber Salmonella,Salmonella Typhimurium,-4,2024-11-27,2024-10-30,34,12,19,0.41,0.19,0.390,0,0.65
cucumber_salmonella,Cucumber Salmonella,Salmonella Typhimurium,-2,2024-11-27,2024-11-13,61,27,41,0.73,0.35,0.680,1,0.65
cucumber_salmonella,Cucumber Salmonella,Salmonella Typhimurium,-1,2024-11-27,2024-11-20,76,35,54,0.82,0.40,0.790,1,0.65
