week,trends_raw,trends_z,reddit_raw,reddit_z,cdc_cases,cdc_z,sentiment_neg,sentiment_z,anomaly_channels,label,anomaly_raw,is_anomaly,anomaly_score,risk_prob,composite_risk,alert
2025-08-04,10,-0.5714285714285714,2,0.0,0,-1.3333333333333333,0.14,-0.3333333333333327,0,0,0.008134546150347755,0,0.15050455341295366,2.7673569337557948e-05,0.043595054510479334,0
2025-08-11,11,-0.2857142857142857,1,-1.25,0,-1.3333333333333333,0.15,0.0,0,0,0.004205028342490313,0,0.1644544775015958,2.7673569337557948e-05,0.047187543123775655,0
2025-08-18,12,0.0,2,0.0,1,-0.6666666666666666,0.16,0.33333333333333365,0,0,0.04295896433050633,0,0.02687666475115802,2.7673569337557948e-05,0.028050871211209992,0
2025-08-25,10,-0.5714285714285714,2,0.0,1,-0.6666666666666666,0.14,-0.3333333333333327,0,0,0.014753075531160287,0,0.12700854526249705,2.7673569337557948e-05,0.040070653287910846,0
2025-09-01,13,0.2857142857142857,2,0.0,2,0.0,0.15,0.0,0,0,0.0411142368686544,0,0.03342551102578506,2.7673569337557948e-05,0.02753319815240405,0
2025-09-08,11,-0.2857142857142857,3,1.25,3,0.6666666666666666,0.16,0.33333333333333365,0,0,0.017913828426051936,0,0.1157877631964308,2.7673569337557948e-05,0.041387535978000906,0
2025-09-15,12,0.0,2,0.0,4,1.3333333333333333,0.15,0.0,0,0,0.05052978107004352,0,3.5500347106420804e-09,2.7673569337557948e-05,0.022519372031041495,0
2025-09-22,11,-0.2857142857142857,2,0.0,5,2.0,0.15,0.0,1,0,0.008531884857187366,0,0.14909398726491163,2.7673569337557948e-05,0.04488346958827304,0
2025-09-29,13,0.2857142857142857,3,1.25,7,3.3333333333333335,0.17,0.6666666666666673,1,0,-0.0015431901216277355,1,0.18486085180508827,2.7673569337557948e-05,0.05324849926929953,0
2025-10-06,14,0.5714285714285714,4,2.5,9,4.666666666666667,0.18,1.0,2,1,0.005589424855581726,0,0.15953982201190964,0.9999831764886792,0.7509191968438618,0
2025-10-13,15,0.8571428571428571,4,2.5,11,6.0,0.2,1.6666666666666672,2,1,0.0013730552377542726,0,0.17450807994440654,0.9999831764886792,0.7561644355337364,0
2025-10-20,16,1.1428571428571428,5,3.75,14,8.0,0.21,2.0,3,1,0.005508585439296998,0,0.15982680473490107,0.9999831764886792,0.7554622442523105,0
2025-10-27,18,1.7142857142857142,6,5.0,17,10.0,0.23,2.6666666666666674,3,1,0.0013295450244656948,0,0.17466254270603154,0.9999831764886792,0.76068760494798,0
2025-11-03,20,2.2857142857142856,6,5.0,20,12.0,0.24,3.0,4,1,0.022387926504040978,0,0.09990456031889561,0.9999831764886792,0.7509739075899097,0
2025-11-10,22,2.857142857142857,7,6.25,24,14.666666666666666,0.26,3.6666666666666674,4,1,0.02721855698111464,0,0.08275565509680649,0.9999831764886792,0.7514015718065964,0
2025-11-17,25,3.7142857142857144,8,7.5,29,18.0,0.28,4.333333333333335,4,1,0.02380064581980451,0,0.09488935790040731,0.9999831764886792,0.7562216272271365,0
2025-11-24,28,4.571428571428571,9,8.75,33,20.666666666666668,0.3,5.0,4,1,0.016242959072308827,0,0.12171940717578811,0.9999831764886792,0.7632461346184436,0
2025-12-01,32,5.714285714285714,11,11.25,37,23.333333333333332,0.33,6.000000000000001,4,1,0.010512543235170035,0,0.1420625815379437,0.9999831764886792,0.7707976107727669,0
2025-12-08,38,7.428571428571429,13,13.75,40,25.333333333333332,0.36,7.0,4,1,0.0005143967072092637,0,0.17755634741763604,0.9999831764886792,0.7806216756547208,0
2025-12-15,45,9.428571428571429,16,17.5,42,26.666666666666668,0.39,8.000000000000002,4,1,-0.010350422669445636,1,0.21612683187709802,0.9999831764886792,0.79090724832364,1
2025-12-22,52,11.428571428571429,19,21.25,44,28.0,0.41,8.666666666666668,4,1,-0.024705794440040063,1,0.26708889802770763,0.9999831764886792,0.8015515582462315,1
2025-12-29,61,14.0,22,25.0,45,28.666666666666668,0.44,9.666666666666668,4,1,-0.05153279998731797,1,0.36232569531662484,0.9999831764886792,0.8203370778395691,1
2026-01-05,72,17.142857142857142,28,32.5,45,28.666666666666668,0.52,12.333333333333334,4,1,-0.11260040012351813,1,0.5791177873316085,0.9999831764886792,0.8648558916418165,1
2026-01-12,85,20.857142857142858,35,41.25,65,42.0,0.61,15.333333333333332,4,1,-0.231157615143594,1,1.0,0.9999831764886792,0.9414882235420754,1
